Title,Title_URL,Image,Title1
How to 10X Sales with DM Automation with Brock Johnson,https://manychat.com/resources/how-to/how-to-10x-sales-with-dm-automation-with-brock-johnson,https://manychat.com/_next/image?url=https%3A%2F%2Fmccdn.me%2Fmartcdn%2Fnext-lp%2Fcontents%2Fhow-to%2Fhow-to-10x-sales-with-dm-automation-with-brock-johnson.jpg&w=1920&q=100,How to
How to Use Instagram Automation by Manychat,https://manychat.com/blog/what-is-instagram-automation-by-manychat/,https://manychat.com/_next/image?url=https%3A%2F%2Fmccdn.me%2Fmartcdn%2Fnext-lp%2Fcontents%2Fhow-to%2Fwhat-is-instagram-automation-by-manychat.png&w=1920&q=100,How to
How to Use Key Instagram Automation Features,https://manychat.com/blog/key-instagram-automation-features/,https://manychat.com/_next/image?url=https%3A%2F%2Fmccdn.me%2Fmartcdn%2Fnext-lp%2Fcontents%2Fhow-to%2Fkey-instagram-automation-features.png&w=1920&q=100,How to
How to Build an Instagram Bot with No Code,https://manychat.com/blog/how-to-build-an-instagram-bot/,https://manychat.com/_next/image?url=https%3A%2F%2Fmccdn.me%2Fmartcdn%2Fnext-lp%2Fcontents%2Fhow-to%2Fhow-to-build-an-instagram-bot.png&w=1920&q=100,How to
How to Use Instagram Ads Manager to Run Ads on Instagram,https://manychat.com/blog/instagram-ads-manager/,https://manychat.com/_next/image?url=https%3A%2F%2Fmccdn.me%2Fmartcdn%2Fnext-lp%2Fcontents%2Fhow-to%2Finstagram-ads-manager.png&w=1920&q=100,How to
5 Instagram Hacks to Sell Your Online Course,https://manychat.com/blog/ig-hacks-for-online-course-creators/,https://manychat.com/_next/image?url=https%3A%2F%2Fmccdn.me%2Fmartcdn%2Fnext-lp%2Fcontents%2Fhow-to%2Fig-hacks-for-online-course-creators.png&w=1920&q=100,
How to Set Up Instagram Shop (& Tips for Selling on Instagram),https://manychat.com/blog/instagram-shops/,https://manychat.com/_next/image?url=https%3A%2F%2Fmccdn.me%2Fmartcdn%2Fnext-lp%2Fcontents%2Fhow-to%2Finstagram-shops.png&w=1920&q=100,How to
How to Set Up an Instagram Business Account: A Step-by-Step Guide,https://manychat.com/blog/create-instagram-business-account/,https://manychat.com/_next/image?url=https%3A%2F%2Fmccdn.me%2Fmartcdn%2Fnext-lp%2Fcontents%2Fhow-to%2Fcreate-instagram-business-account.png&w=1920&q=100,How to
How to Set Up Instagram Story Ads,https://manychat.com/blog/instagram-story-ads/,https://manychat.com/_next/image?url=https%3A%2F%2Fmccdn.me%2Fmartcdn%2Fnext-lp%2Fcontents%2Fhow-to%2Finstagram-story-ads.png&w=1920&q=100,How to
"How to Add Links to An Instagram Story, Whether You Have 1K or 10K Followers",https://manychat.com/blog/add-links-to-instagram-story/,https://manychat.com/_next/image?url=https%3A%2F%2Fmccdn.me%2Fmartcdn%2Fnext-lp%2Fcontents%2Fhow-to%2Fadd-links-to-instagram-story.png&w=1920&q=100,How to
How to Make a Facebook Messenger Bot in 24 minutes Without Code,https://manychat.com/blog/how-to-build-a-facebook-messenger-bot-with-manychat/,https://manychat.com/_next/image?url=https%3A%2F%2Fmccdn.me%2Fmartcdn%2Fnext-lp%2Fcontents%2Fhow-to%2Fhow-to-build-a-facebook-messenger-bot-with-manychat.png&w=1920&q=100,How to
How to Start A Business From Scratch With Chat Marketing,https://manychat.com/blog/how-to-start-a-business-with-chat-marketing/,https://manychat.com/_next/image?url=https%3A%2F%2Fmccdn.me%2Fmartcdn%2Fnext-lp%2Fcontents%2Fhow-to%2Fhow-to-start-a-business-with-chat-marketing.jpg&w=1920&q=100,How to
How to Use Live Chat,https://manychat.com/blog/how-to-use-manychat-live-chat/,https://manychat.com/_next/image?url=https%3A%2F%2Fmccdn.me%2Fmartcdn%2Fnext-lp%2Fcontents%2Fhow-to%2Fhow-to-use-manychat-live-chat.png&w=1920&q=100,How to
How to Build a Brand in 10 Steps,https://manychat.com/resources/how-to/build-a-brand,https://manychat.com/_next/image?url=https%3A%2F%2Fmccdn.me%2Fmartcdn%2Fnext-lp%2Fcontents%2Fhow-to%2Fbuild-a-brand.png&w=3840&q=100,How to
How to Increase Brand Awareness,https://manychat.com/blog/brand-awareness-2/,https://manychat.com/_next/image?url=https%3A%2F%2Fmccdn.me%2Fmartcdn%2Fnext-lp%2Fcontents%2Fhow-to%2Fbrand-awareness-2.jpg&w=1920&q=100,How to
How to Get More YouTube Views,https://manychat.com/blog/how-to-get-more-views-on-youtube/,https://manychat.com/_next/image?url=https%3A%2F%2Fmccdn.me%2Fmartcdn%2Fnext-lp%2Fcontents%2Fhow-to%2Fhow-to-get-more-views-on-youtube.png&w=1920&q=100,How to
How to Send Facebook Messenger Broadcasts on Manychat,https://manychat.com/blog/how-to-send-facebook-messenger-broadcasts/,https://manychat.com/_next/image?url=https%3A%2F%2Fmccdn.me%2Fmartcdn%2Fnext-lp%2Fcontents%2Fhow-to%2Fhow-to-send-facebook-messenger-broadcasts.jpg&w=1920&q=100,How to
How to Monetize a Blog,https://manychat.com/blog/how-to-monetize-a-blog/,https://manychat.com/_next/image?url=https%3A%2F%2Fmccdn.me%2Fmartcdn%2Fnext-lp%2Fcontents%2Fhow-to%2Fhow-to-monetize-a-blog.jpg&w=1920&q=100,How to
How to Hack Facebook Messenger,https://manychat.com/blog/facebook-messenger-hacks/,https://manychat.com/_next/image?url=https%3A%2F%2Fmccdn.me%2Fmartcdn%2Fnext-lp%2Fcontents%2Fhow-to%2Ffacebook-messenger-hacks.png&w=1920&q=100,How to
How to Accept Facebook Messenger Payments,https://manychat.com/blog/facebook-messenger-payments/,https://manychat.com/_next/image?url=https%3A%2F%2Fmccdn.me%2Fmartcdn%2Fnext-lp%2Fcontents%2Fhow-to%2Ffacebook-messenger-payments.jpg&w=1920&q=100,How to
How to Write a Marketing Plan for 2020,https://manychat.com/resources/how-to/write-a-marketing-plan-2020,https://manychat.com/_next/image?url=https%3A%2F%2Fmccdn.me%2Fmartcdn%2Fnext-lp%2Fcontents%2Fhow-to%2Fwrite-a-marketing-plan-2020.png&w=3840&q=100,How to
How to Use One-Time Notifications for Facebook Messenger,https://manychat.com/blog/how-to-use-one-time-notifications-for-facebook-messenger/,https://manychat.com/_next/image?url=https%3A%2F%2Fmccdn.me%2Fmartcdn%2Fnext-lp%2Fcontents%2Fhow-to%2Fhow-to-use-one-time-notifications-for-facebook-messenger.png&w=1920&q=100,How to
How to Build a Sales Funnel,https://manychat.com/blog/how-to-build-a-sales-funnel/,https://manychat.com/_next/image?url=https%3A%2F%2Fmccdn.me%2Fmartcdn%2Fnext-lp%2Fcontents%2Fhow-to%2Fhow-to-build-a-sales-funnel.png&w=1920&q=100,How to
How to Set Up an Amazon Giveaway Bot Contest,https://manychat.com/blog/amazon-giveaway-bot/,https://manychat.com/_next/image?url=https%3A%2F%2Fmccdn.me%2Fmartcdn%2Fnext-lp%2Fcontents%2Fhow-to%2Famazon-giveaway-bot.png&w=1920&q=100,How to
How to Build Your First Chatbot Quiz Using Manychat Conditions,https://manychat.com/blog/build-your-first-chatbot-quiz/,https://manychat.com/_next/image?url=https%3A%2F%2Fmccdn.me%2Fmartcdn%2Fnext-lp%2Fcontents%2Fhow-to%2Fbuild-your-first-chatbot-quiz.png&w=1920&q=100,How to
How to Build an eCommerce Business Around a Niche Market,https://manychat.com/blog/ecommerce-business-niche-market/,https://manychat.com/_next/image?url=https%3A%2F%2Fmccdn.me%2Fmartcdn%2Fnext-lp%2Fcontents%2Fhow-to%2Fecommerce-business-niche-market.jpg&w=1920&q=100,How to
How to Build Customer Loyalty,https://manychat.com/blog/how-to-build-customer-loyalty/,https://manychat.com/_next/image?url=https%3A%2F%2Fmccdn.me%2Fmartcdn%2Fnext-lp%2Fcontents%2Fhow-to%2Fhow-to-build-customer-loyalty.png&w=1920&q=100,How to
How to Promote Your Business,https://manychat.com/blog/how-to-promote-your-business/,https://manychat.com/_next/image?url=https%3A%2F%2Fmccdn.me%2Fmartcdn%2Fnext-lp%2Fcontents%2Fhow-to%2Fhow-to-promote-your-business.jpg&w=1920&q=100,How to
How to Start Building Your Manychat Bot,https://manychat.com/blog/start-building-your-manychat-bot/,https://manychat.com/_next/image?url=https%3A%2F%2Fmccdn.me%2Fmartcdn%2Fnext-lp%2Fcontents%2Fhow-to%2Fstart-building-your-manychat-bot.png&w=1920&q=100,How to
How to Build Automated Follow Up Campaigns in Facebook Messenger,https://manychat.com/blog/manychat-sequences-tutorial/,https://manychat.com/_next/image?url=https%3A%2F%2Fmccdn.me%2Fmartcdn%2Fnext-lp%2Fcontents%2Fhow-to%2Fmanychat-sequences-tutorial.jpg&w=1920&q=100,How to
How to Start a Successful Business,https://manychat.com/blog/how-to-start-a-successful-business/,https://manychat.com/_next/image?url=https%3A%2F%2Fmccdn.me%2Fmartcdn%2Fnext-lp%2Fcontents%2Fhow-to%2Fhow-to-start-a-successful-business.jpg&w=1920&q=100,How to
How to Use QR Codes in Your Messenger Bot,https://manychat.com/blog/how-to-use-qr-codes-in-your-messenger-bot/,https://manychat.com/_next/image?url=https%3A%2F%2Fmccdn.me%2Fmartcdn%2Fnext-lp%2Fcontents%2Fhow-to%2Fhow-to-use-qr-codes-in-your-messenger-bot.png&w=1920&q=100,How to
How to Create Your Own Ecommerce Chatbot,https://manychat.com/blog/chatbot-for-ecommerce/,https://manychat.com/_next/image?url=https%3A%2F%2Fmccdn.me%2Fmartcdn%2Fnext-lp%2Fcontents%2Fhow-to%2Fchatbot-for-ecommerce.png&w=1920&q=100,How to
How to Build Brand Voice,https://manychat.com/blog/how-to-establish-a-brand-voice/,https://manychat.com/_next/image?url=https%3A%2F%2Fmccdn.me%2Fmartcdn%2Fnext-lp%2Fcontents%2Fhow-to%2Fhow-to-establish-a-brand-voice.png&w=1920&q=100,How to
How to Calculate Revenue for Your Business,https://manychat.com/blog/sales-revenue-formula/,https://manychat.com/_next/image?url=https%3A%2F%2Fmccdn.me%2Fmartcdn%2Fnext-lp%2Fcontents%2Fhow-to%2Fsales-revenue-formula.png&w=1920&q=100,How to
How to Create a Multi-Channel Marketing Calendar,https://manychat.com/blog/multi-channel-marketing-calendar/,https://manychat.com/_next/image?url=https%3A%2F%2Fmccdn.me%2Fmartcdn%2Fnext-lp%2Fcontents%2Fhow-to%2Fmulti-channel-marketing-calendar.jpg&w=1920&q=100,How to
How to Build an Ecommerce Website,https://manychat.com/blog/how-to-build-an-ecommerce-website/,https://manychat.com/_next/image?url=https%3A%2F%2Fmccdn.me%2Fmartcdn%2Fnext-lp%2Fcontents%2Fhow-to%2Fhow-to-build-an-ecommerce-website.png&w=1920&q=100,How to
How to Start a Digital Marketing Agency,https://manychat.com/blog/how-to-start-a-digital-marketing-agency/,https://manychat.com/_next/image?url=https%3A%2F%2Fmccdn.me%2Fmartcdn%2Fnext-lp%2Fcontents%2Fhow-to%2Fhow-to-start-a-digital-marketing-agency.jpg&w=1920&q=100,How to
How to Deal With Difficult Customers,https://manychat.com/blog/deal-with-difficult-customers/,https://manychat.com/_next/image?url=https%3A%2F%2Fmccdn.me%2Fmartcdn%2Fnext-lp%2Fcontents%2Fhow-to%2Fdeal-with-difficult-customers.png&w=1920&q=100,How to
How to Start a Social Media Marketing Agency,https://manychat.com/resources/how-to/start-sms-agency,https://manychat.com/_next/image?url=https%3A%2F%2Fmccdn.me%2Fmartcdn%2Fnext-lp%2Fcontents%2Fhow-to%2Fstart-sms-agency.png&w=3840&q=100,How to
How to Start Dropshipping,https://manychat.com/blog/how-to-start-dropshipping/,https://manychat.com/_next/image?url=https%3A%2F%2Fmccdn.me%2Fmartcdn%2Fnext-lp%2Fcontents%2Fhow-to%2Fhow-to-start-dropshipping.jpg&w=1920&q=100,How to
How to Start an eCommerce Business,https://manychat.com/blog/how-to-start-an-ecommerce-business/,https://manychat.com/_next/image?url=https%3A%2F%2Fmccdn.me%2Fmartcdn%2Fnext-lp%2Fcontents%2Fhow-to%2Fhow-to-start-an-ecommerce-business.png&w=1920&q=100,How to
How to Boost Online Sales with Social Media,https://manychat.com/blog/boost-online-sales-with-social-media-engagement/,https://manychat.com/_next/image?url=https%3A%2F%2Fmccdn.me%2Fmartcdn%2Fnext-lp%2Fcontents%2Fhow-to%2Fboost-online-sales-with-social-media-engagement.png&w=1920&q=100,How to
How to Get SMS Opt-Ins For Your Text Marketing List,https://manychat.com/blog/sms-opt-in/,https://manychat.com/_next/image?url=https%3A%2F%2Fmccdn.me%2Fmartcdn%2Fnext-lp%2Fcontents%2Fhow-to%2Fsms-opt-in.png&w=1920&q=100,How to
Instagram DM Automation Hot Seat,https://manychat.com/resources/how-to/instagram-dm-automation-hot-seat,https://manychat.com/_next/image?url=https%3A%2F%2Fmccdn.me%2Fmartcdn%2Fnext-lp%2Fcontents%2Fhow-to%2Finstagram-dm-automation-hot-seat.jpeg&w=1920&q=100,
4 Reasons To Attend Instagram Summit 2022,https://manychat.com/resources/how-to/4-reasons-to-attend-instagram-summit-2022,https://manychat.com/_next/image?url=https%3A%2F%2Fmccdn.me%2Fmartcdn%2Fnext-lp%2Fcontents%2Fhow-to%2F4-reasons-to-attend-instagram-summit-2022.png&w=3840&q=100,
How to Crush Holiday Sales Using Instagram,https://manychat.com/resources/how-to/crush-holiday-sales,https://manychat.com/_next/image?url=https%3A%2F%2Fmccdn.me%2Fmartcdn%2Fnext-lp%2Fcontents%2Fhow-to%2Fcrush-holiday-sales.jpeg&w=3840&q=100,How to
3 Day Insta-Grow Webinar,https://manychat.com/resources/how-to/3-day-insta-grow-webinar,https://manychat.com/_next/image?url=https%3A%2F%2Fmccdn.me%2Fmartcdn%2Fnext-lp%2Fcontents%2Fhow-to%2F3-day-insta-grow-webinar.jpeg&w=3840&q=100,
#OpenThread Fireside Chat on Instagram Ads,https://manychat.com/resources/how-to/fireside-chat-on-instagram-ads,https://manychat.com/_next/image?url=https%3A%2F%2Fmccdn.me%2Fmartcdn%2Fnext-lp%2Fcontents%2Fhow-to%2Ffireside-chat-on-instagram-ads.jpeg&w=1920&q=100,#OpenThread
#OpenThread Adapting to EEA Changes: Top Strategies and Takeaways from Leading Chat Marketers (Session 2),https://manychat.com/resources/how-to/openthread-adapting-to-eea-changes-top-strategies-and-takeaways-2,https://manychat.com/_next/image?url=https%3A%2F%2Fmccdn.me%2Fmartcdn%2Fnext-lp%2Fcontents%2Fhow-to%2Fopenthread-adapting-to-eea-changes-top-strategies-and-takeaways-2.jpeg&w=1920&q=100,#OpenThread
#OpenThread Adapting to EEA Changes: Top Strategies and Takeaways from Leading Chat Marketers (Session 1),https://manychat.com/resources/how-to/openthread-adapting-to-eea-changes-top-strategies-and-takeaways-from-leading,https://manychat.com/_next/image?url=https%3A%2F%2Fmccdn.me%2Fmartcdn%2Fnext-lp%2Fcontents%2Fhow-to%2Fopenthread-adapting-to-eea-changes-top-strategies-and-takeaways-from-leading.jpeg&w=1920&q=100,#OpenThread
How to Get Started with Manychat,https://manychat.com/resources/how-to/how-to-get-started-with-manychat,https://manychat.com/_next/image?url=https%3A%2F%2Fmccdn.me%2Fmartcdn%2Fnext-lp%2Fcontents%2Fhow-to%2Fhow-to-get-started-with-manychat.png&w=3840&q=100,How to
5 Proven Manychat Strategies to Attract Holiday Shoppers & Boost Sales,https://manychat.com/resources/how-to/5-proven-manychat-strategies-to-attract-holiday-shoppers-and-boost-sales,https://manychat.com/_next/image?url=https%3A%2F%2Fmccdn.me%2Fmartcdn%2Fnext-lp%2Fcontents%2Fhow-to%2F5-proven-manychat-strategies-to-attract-holiday-shoppers-and-boost-sales.jpeg&w=1920&q=100,
How to Leverage Google & YouTube Ads to Maximize Holiday Sales,https://manychat.com/resources/how-to/how-to-leverage-google-and-youtube-ads-to-maximize-holiday-sales,https://manychat.com/_next/image?url=https%3A%2F%2Fmccdn.me%2Fmartcdn%2Fnext-lp%2Fcontents%2Fhow-to%2Fhow-to-leverage-google-and-youtube-ads-to-maximize-holiday-sales.jpeg&w=1920&q=100,How to
How to Find and Launch your Next Product on Amazon: Expert Roundtable,https://manychat.com/resources/how-to/how-to-find-and-launch-your-next-product-on-amazon,https://manychat.com/_next/image?url=https%3A%2F%2Fmccdn.me%2Fmartcdn%2Fnext-lp%2Fcontents%2Fhow-to%2Fhow-to-find-and-launch-your-next-product-on-amazon.jpeg&w=1920&q=100,How to
Fireside Chat with Shark Tank Star Daymond John!,https://manychat.com/resources/how-to/fireside-chat-with-daymond-john,https://manychat.com/_next/image?url=https%3A%2F%2Fmccdn.me%2Fmartcdn%2Fnext-lp%2Fcontents%2Fhow-to%2Ffireside-chat-with-daymond-john.jpeg&w=1920&q=100,
How to Use Messenger Bots to Grow Your Email List and Drive Sales,https://manychat.com/resources/how-to/how-to-use-messenger-bots-to-grow-your-email-list-and-drive-sales,https://manychat.com/_next/image?url=https%3A%2F%2Fmccdn.me%2Fmartcdn%2Fnext-lp%2Fcontents%2Fhow-to%2Fhow-to-use-messenger-bots-to-grow-your-email-list-and-drive-sales.jpeg&w=1920&q=100,How to
How to Create a Unique Product That You Are Passionate About & Sell Online,https://manychat.com/resources/how-to/how-to-create-a-unique-product-that-you-are-passionate-about-and-sell-online,https://manychat.com/_next/image?url=https%3A%2F%2Fmccdn.me%2Fmartcdn%2Fnext-lp%2Fcontents%2Fhow-to%2Fhow-to-create-a-unique-product-that-you-are-passionate-about-and-sell-online.jpeg&w=1920&q=100,How to
How eCommerce Merchants Can Analyze and Maximize Revenue from Their Tech Stack,https://manychat.com/resources/how-to/how-ecommerce-merchants-can-analyze-and-maximize-revenue-from-their-tech,https://manychat.com/_next/image?url=https%3A%2F%2Fmccdn.me%2Fmartcdn%2Fnext-lp%2Fcontents%2Fhow-to%2Fhow-ecommerce-merchants-can-analyze-and-maximize-revenue-from-their-tech.jpeg&w=1920&q=100,
How to Create a Profitable Chat Marketing Campaign for eCommerce,https://manychat.com/resources/how-to/how-to-create-a-profitable-chat-marketing-campaign-for-ecommerce,https://manychat.com/_next/image?url=https%3A%2F%2Fmccdn.me%2Fmartcdn%2Fnext-lp%2Fcontents%2Fhow-to%2Fhow-to-create-a-profitable-chat-marketing-campaign-for-ecommerce.jpeg&w=1920&q=100,How to
How 7- & 8-Figure Amazon Experts Use Manychat,https://manychat.com/resources/how-to/how-7-8-figure-amazon-experts-use-manychat,https://manychat.com/_next/image?url=https%3A%2F%2Fmccdn.me%2Fmartcdn%2Fnext-lp%2Fcontents%2Fhow-to%2Fhow-7-8-figure-amazon-experts-use-manychat.jpeg&w=1920&q=100,
"How to Launch, Rank & Increase Reviews for Your Amazon Listings",https://manychat.com/resources/how-to/how-to-launch-rank-and-increase-reviews-for-your-amazon-listings,https://manychat.com/_next/image?url=https%3A%2F%2Fmccdn.me%2Fmartcdn%2Fnext-lp%2Fcontents%2Fhow-to%2Fhow-to-launch-rank-and-increase-reviews-for-your-amazon-listings.jpeg&w=1920&q=100,How to
How to Get Prepared for Messenger Updates with Manychat,https://manychat.com/resources/how-to/how-to-get-prepared-for-messenger-updates-with-manychat,https://manychat.com/_next/image?url=https%3A%2F%2Fmccdn.me%2Fmartcdn%2Fnext-lp%2Fcontents%2Fhow-to%2Fhow-to-get-prepared-for-messenger-updates-with-manychat.jpeg&w=1920&q=100,How to
"How to Acquire and Retain Customers Through Chat, SMS, Email",https://manychat.com/blog/webinar-multichannel-marketing/,https://manychat.com/_next/image?url=https%3A%2F%2Fmccdn.me%2Fmartcdn%2Fnext-lp%2Fcontents%2Fhow-to%2Fwebinar-multichannel-marketing.jpeg&w=1920&q=100,How to
How to Scale Your Marketing Efforts,https://manychat.com/blog/scale-your-marketing-efforts/,https://manychat.com/_next/image?url=https%3A%2F%2Fmccdn.me%2Fmartcdn%2Fnext-lp%2Fcontents%2Fhow-to%2Fscale-your-marketing-efforts.jpeg&w=1920&q=100,How to
How to Acquire Free Messenger Subscribers to Increase Sales and Automate Your Customer Support,https://manychat.com/resources/how-to/how-to-acquire-free-messenger-subscribers-to-increase-sales-and-automate,https://manychat.com/_next/image?url=https%3A%2F%2Fmccdn.me%2Fmartcdn%2Fnext-lp%2Fcontents%2Fhow-to%2Fhow-to-acquire-free-messenger-subscribers-to-increase-sales-and-automate.jpeg&w=1920&q=100,How to
How to Create a Simple Messenger Campaign that will Drive More Leads than a Landing Page,https://manychat.com/resources/how-to/how-to-create-a-simple-messenger-campaign-that-will-drive-more-leads-than-a,https://manychat.com/_next/image?url=https%3A%2F%2Fmccdn.me%2Fmartcdn%2Fnext-lp%2Fcontents%2Fhow-to%2Fhow-to-create-a-simple-messenger-campaign-that-will-drive-more-leads-than-a.jpeg&w=1920&q=100,How to
"How to Get in Touch with Your List on SMS, Messenger and Email, whenever You Need Them",https://manychat.com/resources/how-to/how-to-get-in-touch-with-your-list-on-sms-messenger-and-email-whenever-you,https://manychat.com/_next/image?url=https%3A%2F%2Fmccdn.me%2Fmartcdn%2Fnext-lp%2Fcontents%2Fhow-to%2Fhow-to-get-in-touch-with-your-list-on-sms-messenger-and-email-whenever-you.jpeg&w=1920&q=100,How to
How to Seamlessly Drive Traffic from Facebook Ads to Messenger to Build Your List and Customers,https://manychat.com/resources/how-to/how-to-seamlessly-drive-traffic-from-facebook-ads-to-messenger-to-build-your,https://manychat.com/_next/image?url=https%3A%2F%2Fmccdn.me%2Fmartcdn%2Fnext-lp%2Fcontents%2Fhow-to%2Fhow-to-seamlessly-drive-traffic-from-facebook-ads-to-messenger-to-build-your.jpeg&w=1920&q=100,How to
How to increase ROAS with segmentation and retargeting in Messenger,https://manychat.com/resources/how-to/how-to-increase-ad-performance-and-integrate-with-other-tools,https://manychat.com/_next/image?url=https%3A%2F%2Fmccdn.me%2Fmartcdn%2Fnext-lp%2Fcontents%2Fhow-to%2Fhow-to-increase-ad-performance-and-integrate-with-other-tools.jpeg&w=1920&q=100,How to
