Title,Title_URL,Download,body2
Discover how GPT Question Answering can help you quickly and easily answer questions from large datasets.,https://relevanceai.com/workflows/text-search-connected-qa-studio,GPT Question Answering, Try GPT Question Answering today and see how you can get answers from your data quickly and accurately.
Discover the ease and efficiency of hierarchical subclustering! ,https://relevanceai.com/workflows/clustering_with_hierarchy,Hierarchical Subclustering, Try hierarchical subclustering today and see the difference it can make for your business.
Quickly and easily capture audio from Youtube videos with Transcribe Youtube!,https://relevanceai.com/workflows/transcribe_youtube,Transcribe Youtube, Try Transcribe Youtube today and see how it can revolutionize your Youtube workflow!
Discover how Speaker Diarization can quickly and accurately transcribe audio from a video or audio clip!,https://relevanceai.com/workflows/speaker_diarization,Speaker Diarization, Start utilizing Speaker Diarization today to save time and money by creating quality transcripts in record time!
Discover the power of Guided Sentiment Tagging and make your customer sentiment analysis easier and more accurate!,https://relevanceai.com/workflows/guided_sentiment_tagging,Guided Sentiment Tagging (Beta), Try out the new Guided Sentiment Tagging beta now and start improving your customer sentiment analysis process today!
Discover how Guided Sub-Tagging (Beta) can help your business improve data accuracy and save time!,https://relevanceai.com/workflows/guided_sub_tagging,Guided Sub-Tagging (Beta), Try Guided Sub-Tagging (Beta) now and see how it can help improve data accuracy and save time!
Discover how easy it is to copy a dataset and have the flexibility to select only certain fields if needed.,https://relevanceai.com/workflows/copy_dataset,Copy dataset, Try Copy dataset now to experience the flexibility and convenience of copying datasets quickly and easily.
Streamline your tagging workflow with Guided Tagging and benefit from automated tagging suggestions.,https://relevanceai.com/workflows/guided_tagging,Guided Tagging, Get started with Guided Tagging and take advantage of automated tagging suggestions for faster and better organization.
Discover how vector search and keyphrases can help your business quickly and easily identify tags. ,https://relevanceai.com/workflows/vector_tags,Suggest tags based on vector search.," Try Suggest tags based on vector search and keyphrases today, and see how it can help you save time and money."
"Discover how Vectorize Text can turn your text data into powerful vectorized data for semantic search, clustering and more.",https://relevanceai.com/workflows/vectorize_text,Vectorize Text, Get started with Vectorize Text today and start taking advantage of the power of vectorized text data.
Unlock the power of image data with Vectorize Image workflow. ,https://relevanceai.com/workflows/vectorize_image,Vectorize Image, Try Vectorize Image workflow now to unlock the potential of your image data.
Discover how quickly you can group your text data into meaningful clusters with Cluster Text!,https://relevanceai.com/workflows/vectorize_and_cluster,Cluster text, Try Cluster Text to revolutionize your text data categorization today!
Discover how Summarize Text can help your business save time and money by automatically summarizing your text into a few sentences!,https://relevanceai.com/workflows/summarize_text,Summarize Text, Try Summarize Text today and experience the power of automated text summarization!
"Discover the hidden insights within your data with Sub-cluster, an innovative workflow that enables subclustering of datasets. ",https://relevanceai.com/workflows/subcluster,Sub-cluster, Try Sub-cluster today and discover the hidden insights within your data.
Do you want to make it easier to cluster on sentences on the same dataset?,https://relevanceai.com/workflows/split_text_into_chunks,Split text into sentence chunks, Try Split text into sentence chunks and see how it can help your business.
Discover the impact of sentiment for individual aspects in your dataset with Extract Aspect Based Sentiment! ,https://relevanceai.com/workflows/sentiment_ab,Extract Aspect Based Sentiment, Start using Extract Aspect Based Sentiment today to get the insights needed to drive your business forward!
The newest workflow to analyze the sentiment of text quickly and accurately.,https://relevanceai.com/workflows/sentiment,Extract sentiment, Try Extract Sentiment today and start understanding customer sentiment in a fraction of the time.
Do you need to quickly and securely transfer large datasets between users?,https://relevanceai.com/workflows/send_dataset,Transfer Dataset, Try Transfer Dataset today and see the benefits for yourself!
Automate tedious and time-consuming tasks with Replace Text to quickly and accurately find and replace text in your documents!,https://relevanceai.com/workflows/replace_phrase,Replace text, Try Replace Text today and simplify your workflow!
Automatically correct punctuation mistakes in your dataset with AI models!,https://relevanceai.com/workflows/punctuate_text,Fix punctuation, Start using Fix punctuation to make sure your dataset is up to date and accurate!
Discover how Google Translate can quickly and accurately translate text from 50 different languages into English! ,https://relevanceai.com/workflows/premium_translate,Google Translate, Try out Google Translate today and see for yourself the ease and accuracy of translating text from 50 different languages into English.
"Create powerful, contextualized vector embeddings for your data with OpenAI Vectorize.",https://relevanceai.com/workflows/openai_vectorize,OpenAI Vectorize, Try OpenAI Vectorize today to start turning your text into powerful vector embeddings.
Have you been struggling to accurately calculate the number of days between two specified date fields?,https://relevanceai.com/workflows/num_of_days,Calculate number of days, Make the switch to our workflow and start accurately calculating the number of days between two specified date fields today!
"Discover how Merge Tags can help your business quickly, accurately, and cost-effectively analyze survey data. ",https://relevanceai.com/workflows/merge_tags,Merge tags, Try Merge Tags and see how it can help your business harness the power of data.
Discover the power of OpenAI to quickly and accurately label clusters of data.,https://relevanceai.com/workflows/label_clusters_openai_api,Label Clusters with OpenAI, Unlock the potential of OpenAI to label clusters of data with accuracy and speed.
Discover how OpenAI’s advanced labeling capabilities can help your business streamline its workflow. ,https://relevanceai.com/workflows/label_clusters_openai,Label Clusters with OpenAI, Try OpenAI’s labeling system today to improve your workflow and get the most out of your data.
Leverage Feedback AI to quickly and accurately analyze customer feedback and uncover valuable insights.,https://relevanceai.com/workflows/feedback_ai,Feedback AI, Start using Feedback AI today for a more efficient and effective way to analyze customer feedback.
Discover how AI Descriptive Keyphrase Extraction can help you uncover insights hidden within your data. ,https://relevanceai.com/workflows/insightful_keyphrases_full,AI Descriptive Keyphrase Extraction, Take advantage of AI Descriptive Keyphrase Extraction to get the most out of your data and make informed decisions.
Discover how quickly and easily you can insert data from SRT files using our Insert SRT workflow! ,https://relevanceai.com/workflows/insert_srt,Insert SRT, Get started now by using our Insert SRT workflow!
Discover the benefits of quickly and easily inserting data from a SPSS file into your business workflow! ,https://relevanceai.com/workflows/insert_spss,Insert SPSS, Get started today with Insert SPSS and see the benefits of automated data insertion for yourself!
Unlock the power of your data with Insert CSV - quickly and easily import data from CSV files!,https://relevanceai.com/workflows/insert_csv,Insert CSV, Try Insert CSV today and see the difference it makes in the speed and accuracy of your data!
"Capture your audience's attention with Image Visual QA, the revolutionary workflow that enables you to extract data from images with questions.",https://relevanceai.com/workflows/image_visual_qa,Image Visual QA, Take action now and experience the power of Image Visual QA for yourself to unlock the potential of your images and data.
Discover how Image Tagging simplifies and accelerates the categorization of your images. ,https://relevanceai.com/workflows/image_tagging,Image Tagging, Start using Image Tagging today and unlock the power of your image data.
Unlock the power of your image data and discover insights with Image Optical Character Recognition,https://relevanceai.com/workflows/image_ocr,Image Optical Character Recognition, Take control of your image data and transform it into actionable insights with Image Optical Character Recognition.
Discover how Microsoft's Transformer Decoder and GIT can help label your images quickly and accurately.,https://relevanceai.com/workflows/image_labelling,Image Labelling,  Try Microsoft's Transformer Decoder and GIT to label your images today and see the results for yourself.
Transform your blurry images into crystal clear ones with the Image Deblurring workflow!,https://relevanceai.com/workflows/image_deblur,Image Deblurring, Maximize your productivity with the Image Deblurring workflow and take your images to the next level today!
Easily generate beautiful images with the new Diffusers image library! ,https://relevanceai.com/workflows/generate_diffusers_image,Generate image using Diffusers, Try out Diffusers and get creative with your content today!
"Attract your customers' attention with Force Type, the ultimate workflow for determining the type of a complex object! ",https://relevanceai.com/workflows/force_to_array,Force type, Take action now and implement Force Type in your business operations to experience the benefits of quickly and accurately determining the type of any complex object!
Discover how Extract Text Count can help you quickly and easily count words and sentences in your text.,https://relevanceai.com/workflows/extract_text_count,Extract Text Count," Unlock the power of Extract Text Count and get the most out of your text, today!"
Discover how Extract Answer uses AI to quickly and accurately extract answers from every document!,https://relevanceai.com/workflows/extract_answer,Extract Answer, Try Extract Answer today and unlock the power of AI to unlock your business's potential!
Get the most out of your data with the Export Tags workflow!,https://relevanceai.com/workflows/export_tags,Export Tags, Make the most of your data with the Export Tags workflow and start building better insights today!
"Get your entire dataset exported to CSV in wide format in just a few clicks, with AI generated labels and one-hot encoding for tag fields!",https://relevanceai.com/workflows/export_csv_wide_format,Export to CSV (Wide Format), Try Export to CSV (Wide Format) today and experience the benefits of a powerful workflow!
Automatically export your entire dataset or a subset of fields to a CSV file with just a few clicks!,https://relevanceai.com/workflows/export_csv,Export To CSV, Try Export To CSV today and start seeing the benefits of easy and fast data export!
Unlock the emotion of your text fields and uncover insights with Extract emotion workflow.,https://relevanceai.com/workflows/emotion,Extract emotion, Try Extract emotion workflow now and get the most out of your data.
Generate Tag Taxonomy quickly and easily with AI generated tags and insightful tags for your business. ,https://relevanceai.com/workflows/dynamic_keyphrase_taxonomy,Generate Tag Taxonomy, Start using Generate Tag Taxonomy today to create a more accurate and organized taxonomy for your business.
Do you want to split long text data into sentences and create a new dataset quickly and easily?,https://relevanceai.com/workflows/document_split,Split text into sentences into new dataset, Try this workflow now to start splitting long text data into sentences and building up a new dataset quickly and easily.
Unlock the power of Document AI and unlock the potential of your data!,https://relevanceai.com/workflows/document_ai,Document AI, Try Document AI today and experience the power of automated document data extraction.
Automatically detect the language of your text in seconds with our Detect Language workflow!,https://relevanceai.com/workflows/detect_language,Detect Language, Try our Detect Language workflow today and immediately start successfully identifying language in your text!
Discover how Extract dendrogram can help you quickly uncover the underlying relationships between text fields in your dataset! ,https://relevanceai.com/workflows/dendrogram,Extract dendrogram, Implement Extract dendrogram today to gain new insights into your data!
Get rid of unnecessary tags quickly and easily with Delete Tags! ,https://relevanceai.com/workflows/delete_tags,Delete Tags, Try Delete Tags today and see the difference it makes in your workflow!
Does your workflow need a quick and easy solution for organizing and displaying date information? ,https://relevanceai.com/workflows/date_parser,Reformat date field, Optimize your workflow by taking advantage of Reformat date field's automated date parsing and formatting capabilities today.
Attract attention to your business's potential with Create Questions' AI-powered ability to quickly and automatically generate questions from your text!,https://relevanceai.com/workflows/create_questions,Create Questions, Streamline your content creation process and maximize your business's reach with Create Questions today!
"Discover how Generate Keyphrases from AI-generated Cluster Labels can help you structure, tag, and organize your data more efficiently.",https://relevanceai.com/workflows/create_keyphrases_from_cluster_labels,Generate Keyphrases from AI-generated Cluster Labels,Take control of your data today with Generate Keyphrases from AI-generated Cluster Labels and effortlessly generate keyphrases to tag your data.
Discover how Keyphrase Extraction can help your business quickly identify the key phrases in each sentence and automatically suggest tags for AI Tagging.,https://relevanceai.com/workflows/create_keyphrases,Keyphrase Extraction, Sign up for Keyphrase Extraction and start using AI to quickly and accurately identify key phrases and suggest tags for AI Tagging today.
Discover how Co-occurrence Analysis can uncover meaningful insights in your data!,https://relevanceai.com/workflows/cooccurrence_analysis,Co-occurrence Analysis, Unlock the power of Co-occurrence Analysis to quickly and accurately uncover relationships in your data and make informed decisions.
Are you looking for an easy way to collect comments from YouTube videos?,https://relevanceai.com/workflows/connect_youtube,Extract YouTube Comments, Try Extract YouTube Comments today and start understanding your customers better.
Discover how you can easily extract Steam reviews to gain valuable insights into your app's performance.,https://relevanceai.com/workflows/connect_steam,Extract Steam Reviews, Start using the Extract Steam Reviews workflow to quickly gain customer insights and make more informed decisions today.
Capture the attention of your audience with Extract Reddit Comments and the ability to extract essential comments from any given thread to gain valuable insights!,https://relevanceai.com/workflows/connect_reddit,Extract Reddit Comments, Take action and use Extract Reddit Comments to quickly and easily extract comments from any Reddit thread and get the insights you need!
Unlock the potential of your Android app reviews with Extract Playstore Reviews!,https://relevanceai.com/workflows/connect_playstore,Extract Playstore Reviews (Android), Take the first step towards unlocking the full potential of your Android app reviews with Extract Playstore Reviews today!
Get the attention of your customers and users with the ability to quickly and easily upload media files to your business!,https://relevanceai.com/workflows/connect_media,Upload Media, Encourage customers and users to take action by utilizing your workflow for uploading media files to your business.
Automatically extract Glassdoor reviews and easily analyze your company's online reputation! ,https://relevanceai.com/workflows/connect_glassdoor,Extract Glassdoor Reviews, Sign up for the workflow today to start extracting Glassdoor reviews for your business!
Discover how Extract Figma Frames can quickly and easily extract all your frames from Figma into a dataset.,https://relevanceai.com/workflows/connect_figma,Extract Figma Frames, Get Extract Figma Frames today and start extracting frames with ease!
Extract Appstore Reviews (Apple) and get insights into what customers think about your app!,https://relevanceai.com/workflows/connect_appstore,Extract Appstore Reviews (Apple), Connect to the appstore and get the reviews of your app with Extract Appstore Reviews (Apple)!
Do you want to quickly combine two text fields in your dataset without any manual effort?,https://relevanceai.com/workflows/concatenate_text,Concatenate Text, Try Concatenate Text today to join two text fields in your dataset with ease!
Discover how Cluster Vectors can quickly and easily break your data into distinct categories!,https://relevanceai.com/workflows/cluster_vectors,Cluster Vectors, Get started now with Cluster Vectors and unlock the power of vector fields to quickly and easily break your data into distinct categories!
Discover how the un-tagged documents can be used to generate insights for your business.,https://relevanceai.com/workflows/cluster_no_tag_documents,Get Insights of the un-tagged documents, Start using the workflow to get insights from un-tagged documents and move ahead of your competitors.
Discover powerful insights from your dataset with the Generate Insights based on Clusters workflow. ,https://relevanceai.com/workflows/cluster_insights,Generate Insights based on Clusters, Take advantage of the Generate Insights based on Clusters workflow today and start unlocking the hidden insights in your data.
Harness the power of Generate Cluster Confidence Information to gain meaningful insights into your dataset!,https://relevanceai.com/workflows/cluster_confidence,Generate Cluster Confidence Information, Start utilizing Generate Cluster Confidence Information today to unlock the potential of your data!
Utilize Cluster Classification to quickly and accurately assign new data to existing clusters. ,https://relevanceai.com/workflows/cluster_classification,Cluster Classification, Start using Cluster Classification today to improve your data analysis process.
"Get rid of all the HTML tags, Markdown tags, and non-ascii characters quickly and easily with Clean Text!",https://relevanceai.com/workflows/clean_text,Clean Text, Try Clean Text today and start cleaning your text fields right away!
Capture the attention of your customers with the promise of improved insights from refining keyphrases.,https://relevanceai.com/workflows/clean_keyphrases,Refine Keyphrases, Encourage customers to take action by emphasizing the immediate results that refining keyphrases can bring.
Discover how OpenAI’s Transcribe Audio workflow can save you time and money with state of the art transcription in over 100 languages.,https://relevanceai.com/workflows/audio_transcribe_whisper,Transcribe Audio (OpenAI), Sign up for OpenAI’s Transcribe Audio workflow and start using AI-powered voice recognition to save time and money.
Get premium audio processing to improve the quality of your audio recording,https://relevanceai.com/workflows/audio_premium,Audio Premium, Try Audio Premium's premium audio processing today to take your audio productions to the next level
Let us introduce you to our workflow that can accurately transcribe audio and identify speakers.,https://relevanceai.com/workflows/audio_core,Transcribe audio and identify speakers, Try our workflow today and make audio data more useful for your business.
"Discover the power of Anonymize text, the easy-to-use workflow that quickly and securely removes PII data from text!",https://relevanceai.com/workflows/anonymize_text,Anonymize text, Try Anonymize text today and see the powerful benefits it can bring to your business!
Does your business need help troubleshooting complex Excel formulas? ,https://relevanceai.com/workflows/excel-fix-studio,Excel Formula Fix, Unlock the power of Excel formulas and let Excel Formula Fix help you troubleshoot any issues quickly and easily.
Discover how Excel Formula Explain can quickly and easily explain complex Excel formulas in plain English!,https://relevanceai.com/workflows/excel-explain-studio,Excel Formula Explain, Sign up now and start using Excel Formula Explain to increase your Excel efficiency and understand complex formulas quickly!
Make your Excel tasks easier and faster with our Excel Formula Generator!,https://relevanceai.com/workflows/excel-generate-studio,Excel Formula Generator, Try our Excel Formula Generator now and experience the power of automated Excel formulas!
Are you frustrated trying to understand complex SQL queries?,https://relevanceai.com/workflows/sql-explain-studio,SQL Explain, Try SQL Explain today to simplify and demystify complex SQL queries.
Create SQL query from your instructions quickly and accurately with SQL Generator.,https://relevanceai.com/workflows/sql-generate-studio,SQL Generator, Download SQL Generator to access powerful data insights and save time today.
Automate your report generation from CSV and achieve goals faster with the Report Generator for CSV!,https://relevanceai.com/workflows/csv-report-studio,Report Generator for CSV, Try the Report Generator for CSV today to save time and get the data insights you need!
Discover how quickly and easily Chart Generator for CSV can create stunning visuals from your csv data! ,https://relevanceai.com/workflows/csv-chart-studio,Chart Generator for CSV, Start using Chart Generator for CSV today and unlock the potential of your data!
Have you ever wanted to easily modify an existing image to create a unique and eye-catching design?,https://relevanceai.com/workflows/image-img2img-studio,Modify Image with Text, Try the Modify Image with Text workflow today and start transforming your images into stunning designs!
Generate stunning images in a matter of minutes with Image Generator!,https://relevanceai.com/workflows/image-generate-studio,Image Generator, Unlock the creative potential of your business with Image Generator today!
Discover and highlight relevant text quickly and accurately with Text Search Highlight.,https://relevanceai.com/workflows/text-search-highlight-studio,Text Search Highlight, Try Text Search Highlight now to make your searches more efficient and accurate.
Discover the power of Text Search Ranking and maximize the effectiveness of your search results. ,https://relevanceai.com/workflows/text-search-rank-studio,Text Search Ranking, Try Text Search Ranking today and experience the convenience and accuracy of an improved search experience.
Discover how Question Answering can provide your business with an instant and accurate response to customer inquiries.,https://relevanceai.com/workflows/text-search-qa-studio,Question Answering, Use Question Answering to make your customer service process faster and more efficient.
Discover how Text Clustering can quickly and accurately group your text into related categories. ,https://relevanceai.com/workflows/text-analysis-clustering-studio,Text Clustering, Improve your data analysis process today with Text Clustering and get the most out of your text data.
Discover how Text Tagging can save you time and money in your business.,https://relevanceai.com/workflows/text-analysis-tagging-studio,Text Tagging, Take control of your business's workflow by implementing Text Tagging today.
Discover how AI-assisted PDF Analysis can quickly extract the information you need from PDFs!,https://relevanceai.com/workflows/text-analysis-pdf-studio,PDF Analysis, Try PDF Analysis today and experience the power of AI-assisted data extraction!
Get the attention of your business by discovering any non-standard clauses in your contracts with Non Standard Clauses workflow.,https://relevanceai.com/workflows/text-analysis-legal-contract-studio,Non Standard Clauses, Take action now and use Non Standard Clauses workflow to start understanding and managing the clauses in your contracts.
Uncover customer trends and preferences with automated feedback analysis.,https://relevanceai.com/workflows/text-analysis-feedback-studio,Feedback Analysis, Automate feedback analysis and gain valuable customer insights to guide your business strategies.
Get the most out of conversations with Conversation Analysis—a powerful AI-driven solution to extract any information from conversations. ,https://relevanceai.com/workflows/text-analysis-conversation-studio,Conversation Analysis, Unlock the potential of conversation data with Conversation Analysis—automate the extraction process and get results quickly.
"Discover how the PAS Framework can help you quickly and easily create persuasive, effective copy.",https://relevanceai.com/workflows/marketing-pas-studio,PAS Framework," Try out the PAS Framework and start writing persuasive, effective copy today!"
"Discover the BAB Framework, a revolutionary writing approach that helps you effectively connect with your audience! ",https://relevanceai.com/workflows/marketing-bab-studio,BAB Framework," Take advantage of the BAB Framework now, and start connecting with your audience with greater clarity and precision!"
Get your customer's attention with an exciting introduction to your workflow! ,https://relevanceai.com/workflows/marketing-aida-studio,AIDA Framework, Urge customers to take action by providing clear steps on how to implement the workflow into their business.
Get your content to stand out from the crowd with Content Improver! ,https://relevanceai.com/workflows/marketing-content-improver-studio,Content Improver, Unlock the potential of your content with Content Improver today!
Are you struggling to find the time and resources to write blog posts for your business?,https://relevanceai.com/workflows/marketing-blog-studio,Blog Post Generator, Try our Blog Post Generator today and start generating blog posts in no time!
Unlock the power of survey question creation with our Survey Question Generator!,https://relevanceai.com/workflows/survey-generate-studio,Survey Question Generator, Unlock the power of survey question creation today with our Survey Question Generator!
Have you ever worried about potential bias in your survey questions?,https://relevanceai.com/workflows/survey-bias-studio,Survey Question Bias, Try our Survey Question Bias workflow today and start gaining reliable insights with confidence!
