Title,Title_URL
Learn Trello board basics,https://trello.com/guide/trello-101
Create your first project,https://trello.com/guide/create-project
Onboard your team to Trello,https://trello.com/guide/onboard-team
Integrate Trello with other apps,https://trello.com/guide/integrate-apps
Powerful collaboration features,https://trello.com/guide/powerful-collaboration-features
Activate different views,https://trello.com/guide/activate-views
Automate anything in Trello,https://trello.com/guide/automate-anything
Set permissions and admin controls,https://trello.com/guide/permissions-controls
Learn Trelloâ€™s top tips and tricks,https://trello.com/guide/tips-tricks
